"q","p","n.risk","n.event","survival","std.err","lower95","upper95","grupo"
0,4,46,0,1,0,1,1,"Grupo 1"
4,5,46,2.132,0.9537,0.031,0.8339,0.9877,"Grupo 1"
5,6,43.868,0,0.9537,0.031,0.8339,0.9877,"Grupo 1"
6,7,43.868,1.535,0.9203,0.0399,0.7935,0.9706,"Grupo 1"
7,8,42.333,4.079,0.8316,0.0552,0.6885,0.9129,"Grupo 1"
8,10,38.255,0,0.8316,0.0552,0.6885,0.9129,"Grupo 1"
10,11,38.255,0,0.8316,0.0552,0.6885,0.9129,"Grupo 1"
11,12,38.255,3.255,0.7609,0.0629,0.6099,0.8598,"Grupo 1"
12,14,35,0,0.7609,0.0629,0.6099,0.8598,"Grupo 1"
14,15,35,0,0.7609,0.0629,0.6099,0.8598,"Grupo 1"
15,16,35,0,0.7609,0.0629,0.6099,0.8598,"Grupo 1"
16,17,35,0,0.7609,0.0629,0.6099,0.8598,"Grupo 1"
17,18,35,0,0.7609,0.0629,0.6099,0.8598,"Grupo 1"
18,19,35,0,0.7609,0.0629,0.6099,0.8598,"Grupo 1"
19,22,35,0,0.7609,0.0629,0.6099,0.8598,"Grupo 1"
22,24,35,0,0.7609,0.0629,0.6099,0.8598,"Grupo 1"
24,25,35,4.262,0.6682,0.0694,0.5127,0.7841,"Grupo 1"
25,26,30.738,0,0.6682,0.0694,0.5127,0.7841,"Grupo 1"
26,27,30.738,0,0.6682,0.0694,0.5127,0.7841,"Grupo 1"
27,32,30.738,0,0.6682,0.0694,0.5127,0.7841,"Grupo 1"
32,33,30.738,0,0.6682,0.0694,0.5127,0.7841,"Grupo 1"
33,34,30.738,3.762,0.5864,0.0726,0.4313,0.7127,"Grupo 1"
34,35,26.976,0,0.5864,0.0726,0.4313,0.7127,"Grupo 1"
35,36,26.976,0,0.5864,0.0726,0.4313,0.7127,"Grupo 1"
36,37,26.976,0,0.5864,0.0726,0.4313,0.7127,"Grupo 1"
37,38,26.976,0,0.5864,0.0726,0.4313,0.7127,"Grupo 1"
38,40,26.976,5.56,0.4656,0.0735,0.3178,0.6005,"Grupo 1"
40,44,21.416,0,0.4656,0.0735,0.3178,0.6005,"Grupo 1"
44,45,21.416,0,0.4656,0.0735,0.3178,0.6005,"Grupo 1"
45,46,21.416,0,0.4656,0.0735,0.3178,0.6005,"Grupo 1"
46,48,21.416,21.416,0,0,0,1,"Grupo 1"
48,Inf,0,0,0,0,0,0,"Grupo 1"
0,4,48,0,1,0,1,1,"Grupo 2"
4,5,48,2.078,0.9567,0.0294,0.8417,0.9887,"Grupo 2"
5,8,45.922,2.078,0.9134,0.0406,0.7891,0.966,"Grupo 2"
8,9,43.845,0,0.9134,0.0406,0.7891,0.966,"Grupo 2"
9,10,43.845,0,0.9134,0.0406,0.7891,0.966,"Grupo 2"
10,11,43.845,0,0.9134,0.0406,0.7891,0.966,"Grupo 2"
11,12,43.845,3.322,0.8442,0.0523,0.7068,0.9207,"Grupo 2"
12,13,40.523,0,0.8442,0.0523,0.7068,0.9207,"Grupo 2"
13,14,40.523,0,0.8442,0.0523,0.7068,0.9207,"Grupo 2"
14,15,40.523,0,0.8442,0.0523,0.7068,0.9207,"Grupo 2"
15,16,40.523,0,0.8442,0.0523,0.7068,0.9207,"Grupo 2"
16,17,40.523,6.979,0.6988,0.0662,0.5479,0.8078,"Grupo 2"
17,18,33.544,0,0.6988,0.0662,0.5479,0.8078,"Grupo 2"
18,19,33.544,6.773,0.5577,0.0717,0.407,0.6844,"Grupo 2"
19,20,26.771,5.556,0.442,0.0717,0.2997,0.5751,"Grupo 2"
20,21,21.216,0,0.442,0.0717,0.2997,0.5751,"Grupo 2"
21,22,21.216,0,0.442,0.0717,0.2997,0.5751,"Grupo 2"
22,23,21.216,0,0.442,0.0717,0.2997,0.5751,"Grupo 2"
23,24,21.216,0,0.442,0.0717,0.2997,0.5751,"Grupo 2"
24,25,21.216,4.794,0.3421,0.0685,0.2131,0.4752,"Grupo 2"
25,26,16.422,0,0.3421,0.0685,0.2131,0.4752,"Grupo 2"
26,27,16.422,0,0.3421,0.0685,0.2131,0.4752,"Grupo 2"
27,30,16.422,0,0.3421,0.0685,0.2131,0.4752,"Grupo 2"
30,31,16.422,3.402,0.2712,0.0642,0.1554,0.4007,"Grupo 2"
31,32,13.02,0,0.2712,0.0642,0.1554,0.4007,"Grupo 2"
32,34,13.02,0,0.2712,0.0642,0.1554,0.4007,"Grupo 2"
34,35,13.02,0,0.2712,0.0642,0.1554,0.4007,"Grupo 2"
35,36,13.02,7.72,0.1104,0.0452,0.0419,0.2164,"Grupo 2"
36,39,5.3,0,0.1104,0.0452,0.0419,0.2164,"Grupo 2"
39,40,5.3,0,0.1104,0.0452,0.0419,0.2164,"Grupo 2"
40,44,5.3,0,0.1104,0.0452,0.0419,0.2164,"Grupo 2"
44,48,5.3,2.65,0.0552,0.033,0.0131,0.1446,"Grupo 2"
48,60,2.65,2.65,0,0,0,1,"Grupo 2"
60,Inf,0,0,0,0,0,0,"Grupo 2"
